{
    "now": "2023-09-28T17:45:09.749Z",
    "perfNow": 35014.90000009537,
    "diagnosticCorrelation": "4b35f7e8-e3b3-4dcc-a518-690ccc0c22ca",
    "source": "DownloadSupportFiles",
    "environment": {
        "productName": "a365",
        "buildVersion": "23.0926.01",
        "environmentType": 9,
        "resourceName": "case-study-workspace",
        "resourceRegion": "eastus",
        "resourceGroup": "DE_Case_Study_Team_1",
        "subscriptionId": "ca2427f2-6995-4534-b885-a0e142b03cca",
        "sessionId": "xhXJ0",
        "operationId": "hYqYx",
        "gitType": "live",
        "loggingKey": false
    },
    "additionalInfo": {
        "selectedResource": "Final_Pipeline1",
        "selectedResourceType": "pipeline"
    }
}