{
    "now": "2023-09-28T17:45:19.284Z",
    "perfNow": 44549.700000047684,
    "diagnosticCorrelation": "5ea6dff6-ae1b-44f3-a46f-2fae3a7a6fd4",
    "source": "DownloadSupportFiles",
    "environment": {
        "productName": "a365",
        "buildVersion": "23.0926.01",
        "environmentType": 9,
        "resourceName": "case-study-workspace",
        "resourceRegion": "eastus",
        "resourceGroup": "DE_Case_Study_Team_1",
        "subscriptionId": "ca2427f2-6995-4534-b885-a0e142b03cca",
        "sessionId": "xhXJ0",
        "operationId": "hYqYx",
        "gitType": "live",
        "loggingKey": false
    },
    "additionalInfo": {
        "selectedResource": "Unzipping_Data_from_BlobToADLS",
        "selectedResourceType": "pipeline"
    }
}