{
    "name": "stg_complaint_data",
    "properties": {
        "linkedServiceName": {
            "referenceName": "case-study-workspace-WorkspaceDefaultStorage",
            "type": "LinkedServiceReference"
        },
        "annotations": [],
        "type": "Parquet",
        "typeProperties": {
            "location": {
                "type": "AzureBlobFSLocation",
                "folderPath": "ComplaintsData",
                "fileSystem": "stg"
            },
            "compressionCodec": "snappy"
        },
        "schema": []
    },
    "type": "Microsoft.Synapse/workspaces/datasets"
}