{
    "now": "2023-09-28T17:45:15.338Z",
    "perfNow": 40603.700000047684,
    "diagnosticCorrelation": "5923e086-68eb-46d8-9fa4-a0d009b569f6",
    "source": "DownloadSupportFiles",
    "environment": {
        "productName": "a365",
        "buildVersion": "23.0926.01",
        "environmentType": 9,
        "resourceName": "case-study-workspace",
        "resourceRegion": "eastus",
        "resourceGroup": "DE_Case_Study_Team_1",
        "subscriptionId": "ca2427f2-6995-4534-b885-a0e142b03cca",
        "sessionId": "xhXJ0",
        "operationId": "hYqYx",
        "gitType": "live",
        "loggingKey": false
    },
    "additionalInfo": {
        "selectedResource": "Copying_Data_From_stg_to_processed",
        "selectedResourceType": "pipeline"
    }
}