{
    "name": "Final_Pipeline1",
    "properties": {
        "activities": [
            {
                "name": "If_File_Available",
                "description": "Unzipping Dataset from Blob Storage to ADLS",
                "type": "GetMetadata",
                "dependsOn": [],
                "policy": {
                    "timeout": "7.00:00:00",
                    "retry": 0,
                    "retryIntervalInSeconds": 30,
                    "secureOutput": false,
                    "secureInput": false
                },
                "userProperties": [],
                "typeProperties": {
                    "dataset": {
                        "referenceName": "Unzipped_Dataset_From_Blob_Stgacc",
                        "type": "DatasetReference"
                    },
                    "fieldList": [
                        "exists"
                    ],
                    "storeSettings": {
                        "type": "AzureBlobStorageReadSettings",
                        "recursive": true,
                        "enablePartitionDiscovery": false
                    },
                    "formatSettings": {
                        "type": "DelimitedTextReadSettings"
                    }
                }
            },
            {
                "name": "Is_Dataset_Available",
                "type": "IfCondition",
                "dependsOn": [
                    {
                        "activity": "If_File_Available",
                        "dependencyConditions": [
                            "Succeeded"
                        ]
                    }
                ],
                "userProperties": [],
                "typeProperties": {
                    "expression": {
                        "value": "@activity('If_File_Available').output.exists",
                        "type": "Expression"
                    },
                    "ifFalseActivities": [
                        {
                            "name": "Failed To Fetch Data",
                            "type": "Fail",
                            "dependsOn": [],
                            "userProperties": [],
                            "typeProperties": {
                                "message": "Data Not Available",
                                "errorCode": "404"
                            }
                        }
                    ]
                }
            },
            {
                "name": "Unzipping Dataset To ADLS",
                "type": "Copy",
                "dependsOn": [
                    {
                        "activity": "Is_Dataset_Available",
                        "dependencyConditions": [
                            "Succeeded"
                        ]
                    }
                ],
                "policy": {
                    "timeout": "7.00:00:00",
                    "retry": 0,
                    "retryIntervalInSeconds": 30,
                    "secureOutput": false,
                    "secureInput": false
                },
                "userProperties": [],
                "typeProperties": {
                    "source": {
                        "type": "DelimitedTextSource",
                        "storeSettings": {
                            "type": "AzureBlobStorageReadSettings",
                            "recursive": true,
                            "enablePartitionDiscovery": false
                        },
                        "formatSettings": {
                            "type": "DelimitedTextReadSettings",
                            "compressionProperties": {
                                "type": "ZipDeflateReadSettings",
                                "preserveZipFileNameAsFolder": false
                            }
                        }
                    },
                    "sink": {
                        "type": "DelimitedTextSink",
                        "storeSettings": {
                            "type": "AzureBlobFSWriteSettings"
                        },
                        "formatSettings": {
                            "type": "DelimitedTextWriteSettings",
                            "quoteAllText": true,
                            "fileExtension": ".txt"
                        }
                    },
                    "enableStaging": false,
                    "translator": {
                        "type": "TabularTranslator",
                        "typeConversion": true,
                        "typeConversionSettings": {
                            "allowDataTruncation": true,
                            "treatBooleanAsNumber": false
                        }
                    }
                },
                "inputs": [
                    {
                        "referenceName": "Unzipped_Dataset_From_Blob_Stgacc",
                        "type": "DatasetReference"
                    }
                ],
                "outputs": [
                    {
                        "referenceName": "Unzipped_Dataset_In_ADLS",
                        "type": "DatasetReference"
                    }
                ]
            },
            {
                "name": "StgFinaldata",
                "type": "SynapseNotebook",
                "dependsOn": [
                    {
                        "activity": "Unzipping Dataset To ADLS",
                        "dependencyConditions": [
                            "Succeeded"
                        ]
                    }
                ],
                "policy": {
                    "timeout": "0.12:00:00",
                    "retry": 0,
                    "retryIntervalInSeconds": 30,
                    "secureOutput": false,
                    "secureInput": false
                },
                "userProperties": [],
                "typeProperties": {
                    "notebook": {
                        "referenceName": "StgFinaldata",
                        "type": "NotebookReference"
                    },
                    "snapshot": true
                }
            },
            {
                "name": "Copying_Data_From_stg_to_processed",
                "type": "Copy",
                "dependsOn": [
                    {
                        "activity": "StgFinaldata",
                        "dependencyConditions": [
                            "Succeeded"
                        ]
                    }
                ],
                "policy": {
                    "timeout": "0.12:00:00",
                    "retry": 0,
                    "retryIntervalInSeconds": 30,
                    "secureOutput": false,
                    "secureInput": false
                },
                "userProperties": [],
                "typeProperties": {
                    "source": {
                        "type": "ParquetSource",
                        "storeSettings": {
                            "type": "AzureBlobFSReadSettings",
                            "recursive": true,
                            "wildcardFolderPath": "Network_Metrics_Data",
                            "wildcardFileName": "*.parquet",
                            "enablePartitionDiscovery": false
                        },
                        "formatSettings": {
                            "type": "ParquetReadSettings"
                        }
                    },
                    "sink": {
                        "type": "ParquetSink",
                        "storeSettings": {
                            "type": "AzureBlobFSWriteSettings"
                        },
                        "formatSettings": {
                            "type": "ParquetWriteSettings"
                        }
                    },
                    "enableStaging": false,
                    "translator": {
                        "type": "TabularTranslator",
                        "typeConversion": true,
                        "typeConversionSettings": {
                            "allowDataTruncation": true,
                            "treatBooleanAsNumber": false
                        }
                    }
                },
                "inputs": [
                    {
                        "referenceName": "stg_networkmetric",
                        "type": "DatasetReference"
                    }
                ],
                "outputs": [
                    {
                        "referenceName": "adls_networkmetric",
                        "type": "DatasetReference"
                    }
                ]
            },
            {
                "name": "Copying_Data_From_stg_to_processed_",
                "type": "Copy",
                "dependsOn": [
                    {
                        "activity": "Copying_Data_From_stg_to_processed",
                        "dependencyConditions": [
                            "Succeeded"
                        ]
                    }
                ],
                "policy": {
                    "timeout": "0.12:00:00",
                    "retry": 0,
                    "retryIntervalInSeconds": 30,
                    "secureOutput": false,
                    "secureInput": false
                },
                "userProperties": [],
                "typeProperties": {
                    "source": {
                        "type": "ParquetSource",
                        "storeSettings": {
                            "type": "AzureBlobFSReadSettings",
                            "recursive": true,
                            "wildcardFolderPath": "ComplaintsData",
                            "wildcardFileName": "*.parquet",
                            "enablePartitionDiscovery": false
                        },
                        "formatSettings": {
                            "type": "ParquetReadSettings"
                        }
                    },
                    "sink": {
                        "type": "ParquetSink",
                        "storeSettings": {
                            "type": "AzureBlobFSWriteSettings"
                        },
                        "formatSettings": {
                            "type": "ParquetWriteSettings"
                        }
                    },
                    "enableStaging": false,
                    "translator": {
                        "type": "TabularTranslator",
                        "typeConversion": true,
                        "typeConversionSettings": {
                            "allowDataTruncation": true,
                            "treatBooleanAsNumber": false
                        }
                    }
                },
                "inputs": [
                    {
                        "referenceName": "stg_complaint_data",
                        "type": "DatasetReference"
                    }
                ],
                "outputs": [
                    {
                        "referenceName": "processed_complaint_data",
                        "type": "DatasetReference"
                    }
                ]
            },
            {
                "name": "Business Required Data",
                "type": "SynapseNotebook",
                "dependsOn": [
                    {
                        "activity": "Copying_Data_From_stg_to_processed_",
                        "dependencyConditions": [
                            "Succeeded"
                        ]
                    }
                ],
                "policy": {
                    "timeout": "0.12:00:00",
                    "retry": 0,
                    "retryIntervalInSeconds": 30,
                    "secureOutput": false,
                    "secureInput": false
                },
                "userProperties": [],
                "typeProperties": {
                    "notebook": {
                        "referenceName": "Business Required Data",
                        "type": "NotebookReference"
                    },
                    "snapshot": true
                }
            }
        ],
        "annotations": [],
        "lastPublishTime": "2023-09-28T17:20:35Z"
    },
    "type": "Microsoft.Synapse/workspaces/pipelines"
}