{
    "name": "adls_networkmetric",
    "properties": {
        "linkedServiceName": {
            "referenceName": "case-study-workspace-WorkspaceDefaultStorage",
            "type": "LinkedServiceReference"
        },
        "annotations": [],
        "type": "Parquet",
        "typeProperties": {
            "location": {
                "type": "AzureBlobFSLocation",
                "folderPath": "Network Metrics",
                "fileSystem": "processed"
            },
            "compressionCodec": "snappy"
        },
        "schema": []
    },
    "type": "Microsoft.Synapse/workspaces/datasets"
}