{
    "name": "Unzipped_Dataset_From_Blob_Stgacc",
    "properties": {
        "linkedServiceName": {
            "referenceName": "Raw_Data_Blob_Stgacc",
            "type": "LinkedServiceReference"
        },
        "annotations": [],
        "type": "DelimitedText",
        "typeProperties": {
            "location": {
                "type": "AzureBlobStorageLocation",
                "fileName": "dataset.zip",
                "container": "raw"
            },
            "columnDelimiter": ",",
            "compressionCodec": "ZipDeflate",
            "escapeChar": "\\",
            "firstRowAsHeader": true,
            "quoteChar": "\""
        },
        "schema": []
    },
    "type": "Microsoft.Synapse/workspaces/datasets"
}